Name,Mass,Position X,Position Y,Velocity X,Velocity Y
Soleil_1,1.989e30,0.0,1.916107576346616e+11,20000.00002,0.0
Soleil_2,1.989e30,-1.659397837500000e+11,-9.580537881733078e+10,-10000.0,17320.5080756887729352
Soleil_3,1.989e30,1.659397837500000e+11,-9.580537881733078e+10,-10000.0,-17320.5080756887729352
